<?xml version="1.0" encoding="UTF-8"?>
<!DOCTYPE mapper PUBLIC "-//mybatis.org//DTD Mapper 3.0//EN" "http://mybatis.org/dtd/mybatis-3-mapper.dtd">
<mapper namespace="User">

	<resultMap type="userMap" id="UserVO">
		<id property="userId"			column="user_id"/>
		<result property="pwd"			column="pwd"/>
		<result property="name"			column="name"/>
		<result property="deptCd"		column="dept_cd"/>
		<result property="deptNm"		column="dept_nm"/>
		<result property="job"			column="job"/>
		<result property="phone"		column="phone"/>
		<result property="email"		column="email"/>
	</resultMap>
	
	<select id="selectPwd" parameterType="String" resultType="String">
		<![CDATA[ 
			SELECT 
				pwd
			FROM 
				tb_user
			WHERE
				user_id = #{userId}
		]]>
	</select>
	
	<select id="selectUserInfo" parameterType="String" resultMap="UserVO">
		<![CDATA[ 
			SELECT 
				A.user_id, A.name, B.dept_nm, A.job, A.phone, A.email, A.dept_cd 
			FROM 
				TB_USER A INNER JOIN TB_DEPT_CD B ON A.dept_cd = B.dept_cd
			WHERE
				user_id = #{userId}
		]]>
	</select>
	
	<insert id="insertUser" parameterType="UserMap">
		<![CDATA[ 
			INSERT INTO tb_user 
				(user_id, pwd, name, dept_cd, job, phone, email)
			VALUES
				(#{userId}, #{pwd}, #{name}, #{deptCd}, #{job}, #{phone}, #{email})
		]]>
	</insert>
	
	<update id="updateUser" parameterType="UserMap">
		<![CDATA[ 
			UPDATE tb_user
			SET
				pwd = #{pwd},
				name = #{name},
				dept_cd = #{deptCd},
				job = #{job},
				phone = #{phone},
				email = #{email}
			WHERE
				user_id = #{userId}
		]]>
	</update>
	
	<delete id="deleteUser" parameterType="String">
		<![CDATA[ 
			DELETE FROM tb_user
			WHERE
				user_id = #{userId}
		]]>
	</delete>
</mapper>